sentence_id,sentence_text,tokens,ner_tags,人名,地名,机构名
10000001_1,-简介梁左与丈夫英达梁欢，女，梁欢和梁天的妹妹，英达的现任妻子。,"['-', '简介', '梁左', '与', '丈夫', '英达', '梁欢', '，', '女', '，', '梁欢', '和', '梁天', '的', '妹妹', '，', '英达', '的', '现任', '妻子', '。']","['O', 'O', 'S-Nh', 'O', 'O', 'O', 'O', 'O', 'O', 'O', 'S-Nh', 'O', 'S-Nh', 'O', 'O', 'O', 'O', 'O', 'O', 'O', 'O']","['梁左', '梁欢', '梁天']",[],[]
10000002_1,张竹君立即出面组成开往武汉战地的红十字救伤队，黄兴扮作医疗员，徐宗汉扮成护士，随行的还有宋教仁、陈果夫等。,"['张竹君', '立即', '出面', '组成', '开', '往', '武汉', '战地', '的', '红十字', '救伤队', '，', '黄兴扮', '作', '医疗员', '，', '徐宗汉', '扮', '成', '护士', '，', '随行', '的', '还有', '宋教仁', '、', '陈果夫', '等', '。']","['S-Nh', 'O', 'O', 'O', 'O', 'O', 'S-Ns', 'O', 'O', 'O', 'O', 'O', 'S-Nh', 'O', 'O', 'O', 'S-Nh', 'O', 'O', 'O', 'O', 'O', 'O', 'O', 'S-Nh', 'O', 'S-Nh', 'O', 'O']","['张竹君', '黄兴扮', '徐宗汉', '宋教仁', '陈果夫']",['武汉'],[]
10000003_1,慕容暐以慕容垂代替慕容臧为南讨大都督，率征南将军慕容德等5万步骑抵御桓温。,"['慕容暐', '以', '慕容垂', '代替', '慕容臧', '为', '南讨', '大', '都督', '，', '率', '征南', '将军', '慕容德', '等', '5万', '步骑', '抵御', '桓温', '。']","['S-Nh', 'O', 'O', 'O', 'O', 'O', 'O', 'O', 'O', 'O', 'O', 'S-Nh', 'O', 'S-Nh', 'O', 'O', 'O', 'O', 'S-Nh', 'O']","['慕容暐', '征南', '慕容德', '桓温']",[],[]
10000004_1,与辛笛京沪唱和聽钱钟书与钱钟书是清华校友，钱钟书高辛笛两班。,"['与', '辛笛', '京', '沪', '唱', '和', '聽钱', '钟书', '与', '钱钟书', '是', '清华', '校友', '，', '钱钟书', '高', '辛笛', '两', '班', '。']","['O', 'S-Nh', 'S-Ns', 'S-Ns', 'O', 'O', 'O', 'S-Nh', 'O', 'S-Nh', 'O', 'O', 'O', 'O', 'S-Nh', 'O', 'O', 'O', 'O', 'O']","['辛笛', '钟书', '钱钟书', '钱钟书']",['京沪'],[]
10000005_1,于师傅在一次京剧表演中，选了元龙（洪金宝）、元楼（元奎）、元彪、成龙、元华、元武、元泰7人担任七小福的主角。,"['于', '师傅', '在', '一', '次', '京剧', '表演', '中', '，', '选', '了', '元龙', '（', '洪金宝', '）', '、', '元楼', '（', '元奎', '）', '、', '元彪', '、', '成龙', '、', '元华', '、', '元武', '、', '元泰7', '人', '担任', '七小福', '的', '主角', '。']","['O', 'O', 'O', 'O', 'O', 'O', 'O', 'O', 'O', 'O', 'O', 'S-Nh', 'O', 'S-Nh', 'O', 'O', 'O', 'O', 'O', 'O', 'O', 'S-Nh', 'O', 'S-Nh', 'O', 'S-Nh', 'O', 'S-Nh', 'O', 'O', 'O', 'O', 'O', 'O', 'O', 'O']","['元龙', '洪金宝', '元彪', '成龙', '元华', '元武']",[],[]
10000006_1,以范瑞娟、傅全香、陆锦花、吴小楼为主要演员的上海越剧院一团，调赴北京。,"['以', '范瑞娟', '、', '傅全香', '、', '陆锦花', '、', '吴小楼', '为', '主要', '演员', '的', '上海', '越剧院', '一', '团', '，', '调', '赴', '北京', '。']","['O', 'S-Nh', 'O', 'S-Nh', 'O', 'O', 'O', 'S-Nh', 'O', 'O', 'O', 'O', 'S-Ns', 'O', 'O', 'O', 'O', 'O', 'O', 'S-Ns', 'O']","['范瑞娟', '傅全香', '吴小楼']","['上海', '北京']",[]
10000007_1,婚后巩俐与黄和祥把家安在香港，过着普通人的平凡生活。,"['婚后', '巩', '俐', '与', '黄和祥', '把', '家', '安', '在', '香港', '，', '过', '着', '普通人', '的', '平凡', '生活', '。']","['O', 'O', 'S-Nh', 'O', 'S-Nh', 'O', 'O', 'O', 'O', 'S-Ns', 'O', 'O', 'O', 'O', 'O', 'O', 'O', 'O']","['俐', '黄和祥']",['香港'],[]
10000008_1,父亲：李云经母亲：庄碧琴弟弟：李嘉昭妹妹：李素娟配偶庄月明的原配是其表妹李嘉诚。,"['父亲', '：', '李云经', '母亲', '：', '庄碧琴', '弟弟', '：', '李嘉昭', '妹妹', '：', '李素娟', '配偶', '庄月明', '的', '原配', '是', '其', '表妹', '李嘉诚', '。']","['O', 'O', 'S-Nh', 'O', 'O', 'S-Nh', 'O', 'O', 'S-Nh', 'O', 'O', 'S-Nh', 'O', 'S-Nh', 'O', 'O', 'O', 'O', 'O', 'S-Nh', 'O']","['李云经', '庄碧琴', '李嘉昭', '李素娟', '庄月明', '李嘉诚']",[],[]
10000009_1,名士杨彪入狱后，满宠负责审问，荀彧、孔融前来求情，请求不要对杨彪用刑，满宠不肯。,"['名士', '杨彪', '入狱', '后', '，', '满宠', '负责', '审问', '，', '荀彧', '、', '孔融', '前来', '求情', '，', '请求', '不', '要', '对', '杨彪', '用刑', '，', '满宠', '不', '肯', '。']","['O', 'S-Nh', 'O', 'O', 'O', 'O', 'O', 'O', 'O', 'S-Nh', 'O', 'S-Nh', 'O', 'O', 'O', 'O', 'O', 'O', 'O', 'S-Nh', 'O', 'O', 'O', 'O', 'O', 'O']","['杨彪', '荀彧', '孔融', '杨彪']",[],[]
10000010_1,-生平武则天时期上官婉儿是陕州陕县人，是唐高宗时宰相上官仪的孙女。,"['-', '生平', '武则天', '时期', '上', '官婉儿', '是', '陕州', '陕县人', '，', '是', '唐高宗', '时', '宰相', '上', '官仪', '的', '孙女', '。']","['O', 'O', 'S-Nh', 'O', 'O', 'O', 'O', 'S-Ns', 'O', 'O', 'O', 'S-Nh', 'O', 'O', 'O', 'O', 'O', 'O', 'O']","['武则天', '唐高宗']",['陕州'],[]
10000011_1,谢芮芝之子谢舒扬，为荣剑尘口盟弟子而未正式拜师，孙谢天顺为相声演员。,"['谢芮芝', '之', '子', '谢', '舒扬', '，', '为', '荣剑尘口盟', '弟子', '而', '未', '正式', '拜师', '，', '孙谢', '天顺', '为', '相声', '演员', '。']","['S-Nh', 'O', 'O', 'O', 'S-Nh', 'O', 'O', 'O', 'O', 'O', 'O', 'O', 'O', 'O', 'S-Nh', 'O', 'O', 'O', 'O', 'O']","['谢芮芝', '舒扬', '孙谢']",[],[]
10000012_1,[1]傅希如-家世妻子为上海京剧院青衣赵群。,"['[', '1', ']', '傅希如', '-', '家世', '妻子', '为', '上海', '京剧院', '青衣', '赵群', '。']","['O', 'O', 'O', 'O', 'O', 'O', 'O', 'O', 'B-Ni', 'E-Ni', 'O', 'S-Nh', 'O']",['赵群'],[],['上海京剧院']
10000013_1,，之后两人绯闻不断，2010年S.H.E演唱会上，张承中向Selina（任家萱）大喊“老婆我爱你”，正式公开两人关系。,"['，', '之后', '两', '人', '绯闻', '不', '断', '，', '2010年', 'S.H.E', '演唱会', '上', '，', '张承中', '向', 'Selina', '（', '任家萱', '）', '大', '喊', '“', '老婆', '我', '爱', '你', '”', '，', '正式', '公开', '两', '人', '关系', '。']","['O', 'O', 'O', 'O', 'O', 'O', 'O', 'O', 'O', 'O', 'O', 'O', 'O', 'S-Nh', 'O', 'O', 'O', 'O', 'O', 'O', 'O', 'O', 'O', 'O', 'O', 'O', 'O', 'O', 'O', 'O', 'O', 'O', 'O', 'O']",['张承中'],[],[]
10000014_1,-其母孙姬，曹操之妾，生有曹上、曹彪、曹勤三子。,"['-', '其', '母', '孙姬', '，', '曹操', '之', '妾', '，', '生', '有', '曹', '上', '、', '曹彪', '、', '曹勤', '三子', '。']","['O', 'O', 'O', 'S-Nh', 'O', 'S-Nh', 'O', 'O', 'O', 'O', 'O', 'S-Nh', 'O', 'O', 'S-Nh', 'O', 'S-Nh', 'O', 'O']","['孙姬', '曹操', '曹', '曹彪', '曹勤']",[],[]
10000015_1,两位弟弟：霍震霆与朱玲玲育有三子，大公子霍启山、二公子霍启刚、三公子霍启仁。,"['两', '位', '弟弟', '：', '霍震霆', '与', '朱玲玲', '育', '有', '三子', '，', '大', '公子', '霍启山', '、', '二', '公子', '霍', '启刚', '、', '三公子', '霍', '启仁', '。']","['O', 'O', 'O', 'O', 'S-Nh', 'O', 'S-Nh', 'O', 'O', 'O', 'O', 'O', 'O', 'S-Nh', 'O', 'O', 'O', 'O', 'O', 'O', 'O', 'O', 'O', 'O']","['霍震霆', '朱玲玲', '霍启山']",[],[]
10000016_1,结婚聽经万子和做媒，高盛麟与杨小楼外孙女、刘砚芳之女蕙芬结婚，成为杨外孙婿。,"['结婚', '聽经', '万子', '和', '做媒', '，', '高盛麟', '与', '杨', '小', '楼', '外孙女', '、', '刘砚芳', '之', '女', '蕙芬', '结婚', '，', '成为', '杨外', '孙婿', '。']","['O', 'O', 'O', 'O', 'O', 'O', 'S-Nh', 'O', 'S-Nh', 'O', 'O', 'O', 'O', 'S-Nh', 'O', 'O', 'S-Nh', 'O', 'O', 'O', 'O', 'O', 'O']","['高盛麟', '杨', '刘砚芳', '蕙芬']",[],[]
10000017_1,和黄敏豪（右）无线艺员敖嘉年遇袭，无线高层梁靖琪的女儿梁家树因送他入院而传绯闻。,"['和', '黄敏豪', '（', '右', '）', '无线', '艺员', '敖嘉年', '遇袭', '，', '无线', '高层', '梁靖琪', '的', '女儿', '梁家树', '因', '送', '他', '入院', '而', '传', '绯闻', '。']","['O', 'S-Nh', 'O', 'O', 'O', 'O', 'O', 'O', 'O', 'O', 'O', 'O', 'S-Nh', 'O', 'O', 'S-Nh', 'O', 'O', 'O', 'O', 'O', 'O', 'O', 'O']","['黄敏豪', '梁靖琪', '梁家树']",[],[]
10000018_1,的感情线第一次听到陈富杰的名字，是在1997年，那时黄芳才13岁。,"['的', '感情', '线', '第一', '次', '听到', '陈富杰', '的', '名字', '，', '是', '在', '1997年', '，', '那时', '黄芳', '才', '13', '岁', '。']","['O', 'O', 'O', 'O', 'O', 'O', 'S-Nh', 'O', 'O', 'O', 'O', 'O', 'O', 'O', 'O', 'S-Nh', 'O', 'O', 'O', 'O']","['陈富杰', '黄芳']",[],[]
10000019_1,与妻子朱棣文华裔科学家，诺贝尔物理学奖获得者吉恩祖籍江苏太仓，父亲朱汝瑾1943年来到美国就读麻省理工学院。,"['与', '妻子', '朱棣文', '华裔', '科学家', '，', '诺贝尔', '物理学奖', '获得者', '吉', '恩祖籍', '江苏', '太仓', '，', '父亲', '朱汝瑾', '1943年', '来到', '美国', '就读', '麻省', '理工学院', '。']","['O', 'O', 'S-Nh', 'O', 'O', 'O', 'O', 'O', 'O', 'O', 'O', 'B-Ns', 'E-Ns', 'O', 'O', 'S-Nh', 'O', 'O', 'S-Ns', 'O', 'O', 'O', 'O']","['朱棣文', '朱汝瑾']","['江苏太仓', '美国']",[]
10000020_1,吴文藻见冰心果然是一位仪表堂堂而却十分高傲的小伙子。,"['吴文藻', '见', '冰心', '果然', '是', '一', '位', '仪表堂堂', '而', '却', '十分', '高傲', '的', '小伙子', '。']","['S-Nh', 'O', 'S-Nh', 'O', 'O', 'O', 'O', 'O', 'O', 'O', 'O', 'O', 'O', 'O', 'O']","['吴文藻', '冰心']",[],[]
10000021_1,了这对双胞胎的安全，舅舅章浩若将他们改姓为章，1949年，在蒋孝慈的安排下．蒋经国一家由南昌来到台湾新竹。,"['了', '这', '对', '双胞胎', '的', '安全', '，', '舅舅', '章浩若', '将', '他们', '改', '姓', '为', '章', '，', '1949年', '，', '在', '蒋孝慈', '的', '安排', '下．', '蒋', '经国', '一', '家', '由', '南昌', '来到', '台湾', '新竹', '。']","['O', 'O', 'O', 'O', 'O', 'O', 'O', 'O', 'O', 'O', 'O', 'O', 'O', 'O', 'O', 'O', 'O', 'O', 'O', 'S-Nh', 'O', 'O', 'O', 'O', 'O', 'O', 'O', 'O', 'S-Ns', 'O', 'B-Ns', 'E-Ns', 'O']",['蒋孝慈'],"['南昌', '台湾新竹']",[]
10000022_1,张云溪娶武生迟景昆（春明）之次女、老生迟世恭之姐迟淑媛为妻，与刘宗杨、袁世海为联襟。,"['张云溪', '娶', '武生', '迟景昆', '（', '春明', '）', '之', '次', '女', '、', '老生', '迟世恭', '之', '姐', '迟淑媛', '为', '妻', '，', '与', '刘宗杨', '、', '袁世海', '为', '联襟', '。']","['S-Nh', 'O', 'O', 'S-Nh', 'O', 'S-Nh', 'O', 'O', 'O', 'O', 'O', 'O', 'O', 'O', 'O', 'S-Nh', 'O', 'O', 'O', 'O', 'S-Nh', 'O', 'S-Nh', 'O', 'O', 'O']","['张云溪', '迟景昆', '春明', '迟淑媛', '刘宗杨', '袁世海']",[],[]
10000023_1,返回广西，拜上帝会形成了以洪秀全、冯云山、杨秀清、萧朝贵、韦昌辉、石达开等6人组成的领导核心。,"['返回', '广西', '，', '拜', '上帝', '会', '形成', '了', '以', '洪秀全', '、', '冯云山', '、', '杨秀清', '、', '萧朝贵', '、', '韦昌辉', '、', '石达开', '等', '6', '人', '组成', '的', '领导', '核心', '。']","['O', 'S-Ns', 'O', 'O', 'O', 'O', 'O', 'O', 'O', 'S-Nh', 'O', 'S-Nh', 'O', 'S-Nh', 'O', 'S-Nh', 'O', 'S-Nh', 'O', 'S-Nh', 'O', 'O', 'O', 'O', 'O', 'O', 'O', 'O']","['洪秀全', '冯云山', '杨秀清', '萧朝贵', '韦昌辉', '石达开']",['广西'],[]
10000024_1,每唱必红，她曾和母亲、妹妹合演《群英会》带《华容道》，筱兰英前鲁肃后曹操，姚玉英前周瑜后周仓，姚玉兰演关公，一时传为佳话。,"['每', '唱', '必', '红', '，', '她', '曾', '和', '母亲', '、', '妹妹', '合演', '《', '群英会', '》', '带', '《', '华容道', '》', '，', '筱兰英', '前', '鲁肃', '后', '曹操', '，', '姚玉英', '前', '周瑜', '后', '周仓', '，', '姚玉兰', '演', '关公', '，', '一时', '传', '为', '佳话', '。']","['O', 'O', 'O', 'O', 'O', 'O', 'O', 'O', 'O', 'O', 'O', 'O', 'O', 'O', 'O', 'O', 'O', 'O', 'O', 'O', 'S-Nh', 'O', 'O', 'O', 'S-Nh', 'O', 'S-Nh', 'O', 'S-Nh', 'O', 'S-Nh', 'O', 'S-Nh', 'O', 'S-Nh', 'O', 'O', 'O', 'O', 'O', 'O']","['筱兰英', '曹操', '姚玉英', '周瑜', '周仓', '姚玉兰', '关公']",[],[]
10000025_1,周瑜对孙权说：“老贼欲废汉自立久矣，陡忌二袁、吕布、刘表与孤耳。,"['周瑜', '对', '孙权', '说', '：', '“', '老贼欲', '废汉', '自立', '久', '矣', '，', '陡忌', '二', '袁', '、', '吕布', '、', '刘表', '与', '孤耳', '。']","['S-Nh', 'O', 'S-Nh', 'O', 'O', 'O', 'O', 'O', 'O', 'O', 'O', 'O', 'O', 'O', 'S-Nh', 'O', 'S-Nh', 'O', 'S-Nh', 'O', 'O', 'O']","['周瑜', '孙权', '袁', '吕布', '刘表']",[],[]
10000026_1,-成功学贾太君祷天消祸患贾代善，金陵世勋史侯之女，荣国公贾母之妻，贾赦、贾政、贾敏之母。,"['-', '成功学', '贾太君', '祷天', '消祸', '患', '贾代善', '，', '金陵', '世勋', '史侯', '之', '女', '，', '荣国公', '贾', '母', '之', '妻', '，', '贾赦', '、', '贾政', '、', '贾敏', '之', '母', '。']","['O', 'O', 'S-Nh', 'O', 'O', 'O', 'S-Nh', 'O', 'S-Ns', 'O', 'O', 'O', 'O', 'O', 'O', 'O', 'O', 'O', 'O', 'O', 'S-Nh', 'O', 'S-Nh', 'O', 'S-Nh', 'O', 'O', 'O']","['贾太君', '贾代善', '贾赦', '贾政', '贾敏']",['金陵'],[]
10000027_1,贾代善，荣国公之孙，贾政、贾母之次子。,"['贾代善', '，', '荣国公之孙', '，', '贾政', '、', '贾母', '之', '次子', '。']","['S-Nh', 'O', 'O', 'O', 'S-Nh', 'O', 'O', 'O', 'O', 'O']","['贾代善', '贾政']",[],[]
10000028_1,姓氏拼音的首个字母，而“11”则是在叶莉在火箭队以及姚明在中国女篮的球衣号码，姚明用这种特殊的方式来纪念两人的恋情。,"['姓氏', '拼音', '的', '首', '个', '字母', '，', '而', '“', '11', '”', '则', '是', '在', '叶莉', '在', '火箭队', '以及', '姚明', '在', '中国', '女篮', '的', '球衣', '号码', '，', '姚', '明用', '这种', '特殊', '的', '方式', '来', '纪念', '两', '人', '的', '恋情', '。']","['O', 'O', 'O', 'O', 'O', 'O', 'O', 'O', 'O', 'O', 'O', 'O', 'O', 'O', 'S-Nh', 'O', 'S-Ni', 'O', 'S-Nh', 'O', 'S-Ns', 'O', 'O', 'O', 'O', 'O', 'S-Nh', 'O', 'O', 'O', 'O', 'O', 'O', 'O', 'O', 'O', 'O', 'O', 'O']","['叶莉', '姚明', '姚']",['中国'],['火箭队']
10000029_1,官至：武卫将军列侯聽父亲：曹真兄弟姐妹：曹爽，曹羲，曹训，曹彦，曹皑聽曹则-历史传记曹训，曹真之子，曹爽之弟，因父功封列侯。,"['官', '至', '：', '武卫', '将军', '列侯', '聽', '父亲', '：', '曹真', '兄弟', '姐妹', '：', '曹爽', '，', '曹羲', '，', '曹训', '，', '曹彦', '，', '曹皑聽', '曹', '则', '-', '历史', '传记', '曹训', '，', '曹', '真', '之', '子', '，', '曹爽之弟', '，', '因父', '功封列侯', '。']","['O', 'O', 'O', 'S-Nh', 'O', 'O', 'O', 'O', 'O', 'S-Nh', 'O', 'O', 'O', 'S-Nh', 'O', 'S-Nh', 'O', 'S-Nh', 'O', 'S-Nh', 'O', 'O', 'O', 'O', 'O', 'O', 'O', 'S-Nh', 'O', 'S-Nh', 'O', 'O', 'O', 'O', 'S-Nh', 'O', 'O', 'O', 'O']","['武卫', '曹真', '曹爽', '曹羲', '曹训', '曹彦', '曹训', '曹', '曹爽之弟']",[],[]
10000030_1,”更令林立果得意的是，一同前来拜见林彪的吴法宪，带来了新信息：“讲用轰动了全军。,"['”', '更', '令', '林立果', '得意', '的', '是', '，', '一同', '前来', '拜见', '林彪', '的', '吴法宪', '，', '带来', '了', '新', '信息', '：', '“', '讲', '用', '轰动', '了', '全军', '。']","['O', 'O', 'O', 'O', 'O', 'O', 'O', 'O', 'O', 'O', 'O', 'S-Nh', 'O', 'S-Nh', 'O', 'O', 'O', 'O', 'O', 'O', 'O', 'O', 'O', 'O', 'O', 'O', 'O']","['林彪', '吴法宪']",[],[]
10000031_1,他感激戴季陶把心爱的女人和他分享，并不因为津渊美智子生的孩子不是他的而生气，反而将津渊美智子又还给了戴季陶。,"['他', '感激', '戴', '季陶', '把', '心爱', '的', '女人', '和', '他', '分享', '，', '并', '不', '因为', '津渊美', '智子生', '的', '孩子', '不', '是', '他', '的', '而', '生气', '，', '反而', '将', '津渊', '美智子', '又', '还给', '了', '戴季陶', '。']","['O', 'O', 'O', 'O', 'O', 'O', 'O', 'O', 'O', 'O', 'O', 'O', 'O', 'O', 'O', 'O', 'O', 'O', 'O', 'O', 'O', 'O', 'O', 'O', 'O', 'O', 'O', 'O', 'O', 'O', 'O', 'O', 'O', 'S-Nh', 'O']",['戴季陶'],[],[]
10000032_1,美国人物杂志全球票选亚洲四小天王允浩韩庚吴尊郑赵晨浩。,"['美国', '人物', '杂志', '全球', '票选', '亚洲', '四', '小', '天王', '允浩', '韩', '庚', '吴尊郑', '赵晨浩', '。']","['S-Ns', 'O', 'O', 'O', 'O', 'S-Ns', 'O', 'O', 'O', 'B-Nh', 'I-Nh', 'I-Nh', 'I-Nh', 'E-Nh', 'O']",['允浩韩庚吴尊郑赵晨浩'],"['美国', '亚洲']",[]
10000033_1,石达开又想杀韦昌辉，石达开连夜缒城逃走。,"['石达开', '又', '想', '杀韦昌辉', '，', '石达开', '连夜', '缒城', '逃走', '。']","['S-Nh', 'O', 'O', 'O', 'O', 'S-Nh', 'O', 'O', 'O', 'O']","['石达开', '石达开']",[],[]
10000034_1,而当蒋勤勤怀上宝宝之后，陈建斌也推掉了所有的片约，做起妻子的专职保姆。,"['而', '当', '蒋勤勤', '怀', '上', '宝宝', '之后', '，', '陈建斌', '也', '推', '掉', '了', '所有', '的', '片约', '，', '做', '起', '妻子', '的', '专职', '保姆', '。']","['O', 'O', 'S-Nh', 'O', 'O', 'O', 'O', 'O', 'S-Nh', 'O', 'O', 'O', 'O', 'O', 'O', 'O', 'O', 'O', 'O', 'O', 'O', 'O', 'O', 'O']","['蒋勤勤', '陈建斌']",[],[]
10000035_1,为宋耀如生下了第一个儿子倪桂珍，宋子文是宋子文在上海教会医院（同仁医院）分娩的。,"['为', '宋耀如', '生', '下', '了', '第一', '个', '儿子', '倪桂珍', '，', '宋子文', '是', '宋子文', '在', '上海', '教会', '医院', '（', '同仁', '医院', '）', '分娩', '的', '。']","['O', 'S-Nh', 'O', 'O', 'O', 'O', 'O', 'O', 'S-Nh', 'O', 'S-Nh', 'O', 'S-Nh', 'O', 'B-Ni', 'I-Ni', 'E-Ni', 'O', 'B-Ni', 'E-Ni', 'O', 'O', 'O', 'O']","['宋耀如', '倪桂珍', '宋子文', '宋子文']",[],"['上海教会医院', '同仁医院']"
10000036_1,-情感生活尹恩惠和金钟国如果《X-Man》有最佳情侣评选，绝对非金钟国、尹恩惠莫属。,"['-', '情感', '生活', '尹', '恩惠', '和', '金钟国', '如果', '《', 'X-Man', '》', '有', '最佳', '情侣', '评选', '，', '绝对', '非金钟国', '、', '尹恩惠', '莫', '属', '。']","['O', 'O', 'O', 'O', 'O', 'O', 'S-Nh', 'O', 'O', 'O', 'O', 'O', 'O', 'O', 'O', 'O', 'O', 'O', 'O', 'S-Nh', 'O', 'O', 'O']","['金钟国', '尹恩惠']",[],[]
10000037_1,阿姨心疼杜月笙，让她多穿两条裤子去挨打，结果杜美如下手更重，还不许叫，叫一声就重打。,"['阿姨', '心疼', '杜月笙', '，', '让', '她', '多', '穿', '两', '条', '裤子', '去', '挨打', '，', '结果', '杜美', '如', '下手', '更', '重', '，', '还', '不许', '叫', '，', '叫', '一', '声', '就', '重', '打', '。']","['O', 'O', 'S-Nh', 'O', 'O', 'O', 'O', 'O', 'O', 'O', 'O', 'O', 'O', 'O', 'O', 'S-Nh', 'O', 'O', 'O', 'O', 'O', 'O', 'O', 'O', 'O', 'O', 'O', 'O', 'O', 'O', 'O', 'O']","['杜月笙', '杜美']",[],[]
10000038_1,-简明演义传记典韦身长八尺，斗许褚未果，为曹操所赏识，擔负获衡。,"['-', '简明', '演义', '传记', '典韦身', '长', '八', '尺', '，', '斗许', '褚', '未果', '，', '为', '曹操', '所', '赏识', '，', '擔', '负', '获衡', '。']","['O', 'O', 'O', 'O', 'O', 'O', 'O', 'O', 'O', 'O', 'S-Nh', 'O', 'O', 'O', 'S-Nh', 'O', 'O', 'O', 'O', 'O', 'O', 'O']","['褚', '曹操']",[],[]
10000039_1,何甘棠-出生名门何爱榆的父亲——何爱榆画像何甘棠（1866年—1950年），又名何启棠，号棣生。,"['何甘棠', '-', '出生', '名门', '何', '爱榆', '的', '父亲', '——', '何爱榆', '画像', '何甘棠', '（', '1866年', '—', '1950年', '）', '，', '又', '名', '何启棠', '，', '号', '棣生', '。']","['S-Nh', 'O', 'O', 'O', 'O', 'O', 'O', 'O', 'O', 'S-Nh', 'O', 'S-Nh', 'O', 'O', 'O', 'O', 'O', 'O', 'O', 'O', 'S-Nh', 'O', 'O', 'S-Nh', 'O']","['何甘棠', '何爱榆', '何甘棠', '何启棠', '棣生']",[],[]
10000040_1,-人物影响胡适晚年胡适与陈独秀同为五四运动的轴心人物。,"['-', '人物', '影响', '胡适', '晚年', '胡适', '与', '陈独秀', '同', '为', '五四运动', '的', '轴心', '人物', '。']","['O', 'O', 'O', 'S-Nh', 'O', 'S-Nh', 'O', 'S-Nh', 'O', 'O', 'O', 'O', 'O', 'O', 'O']","['胡适', '胡适', '陈独秀']",[],[]
10000041_1,兼财富管理主管兴趣：去体育馆、赛车场观赏赛车及体育比赛聽李民斌-成长经历李民斌聽李国宝与潘金翠夫妇生育有两个儿子，长子李民桥及次子李民斌。,"['兼', '财富', '管理', '主管', '兴趣', '：', '去', '体育馆', '、', '赛车场', '观赏', '赛车', '及', '体育', '比赛', '聽', '李民斌', '-', '成长', '经历', '李民斌', '聽', '李国宝', '与', '潘金翠', '夫妇', '生育', '有', '两', '个', '儿子', '，', '长子', '李民桥', '及', '次子', '李民斌', '。']","['O', 'O', 'O', 'O', 'O', 'O', 'O', 'O', 'O', 'O', 'O', 'O', 'O', 'O', 'O', 'O', 'S-Nh', 'O', 'O', 'O', 'S-Nh', 'O', 'S-Nh', 'O', 'S-Nh', 'O', 'O', 'O', 'O', 'O', 'O', 'O', 'O', 'S-Nh', 'O', 'O', 'S-Nh', 'O']","['李民斌', '李民斌', '李国宝', '潘金翠', '李民桥', '李民斌']",[],[]
10000042_1,陈小旺的一身太极拳功夫都是得自陈照丕和陈照奎两位前辈。,"['陈小旺', '的', '一', '身', '太极拳', '功夫', '都', '是', '得', '自', '陈照丕', '和', '陈照奎', '两', '位', '前辈', '。']","['S-Nh', 'O', 'O', 'O', 'O', 'O', 'O', 'O', 'O', 'O', 'S-Nh', 'O', 'S-Nh', 'O', 'O', 'O', 'O']","['陈小旺', '陈照丕', '陈照奎']",[],[]
10000043_1,西夏研究》丛书之第4辑为《罗氏父子专辑》，即罗振玉、罗福成、罗福苌、罗福颐父子四人研究西夏学的专辑。,"['西夏', '研究', '》', '丛书', '之', '第4', '辑', '为', '《', '罗氏', '父子', '专辑', '》', '，', '即', '罗振玉', '、', '罗福成', '、', '罗福苌', '、', '罗福颐', '父子', '四', '人', '研究', '西夏学', '的', '专辑', '。']","['O', 'O', 'O', 'O', 'O', 'O', 'O', 'O', 'O', 'S-Nh', 'O', 'O', 'O', 'O', 'O', 'S-Nh', 'O', 'S-Nh', 'O', 'S-Nh', 'O', 'S-Nh', 'O', 'O', 'O', 'O', 'O', 'O', 'O', 'O']","['罗氏', '罗振玉', '罗福成', '罗福苌', '罗福颐']",[],[]
10000044_1,表，大破袁术于各地之际，陶谦却趁机攻打兖州东部的泰山郡，导致曹嵩的父亲曹操被杀。,"['表', '，', '大', '破', '袁术于', '各地', '之际', '，', '陶谦', '却', '趁机', '攻打', '兖州', '东部', '的', '泰山郡', '，', '导致', '曹嵩', '的', '父亲', '曹操', '被', '杀', '。']","['O', 'O', 'O', 'O', 'O', 'O', 'O', 'O', 'S-Nh', 'O', 'O', 'O', 'S-Ns', 'O', 'O', 'O', 'O', 'O', 'S-Nh', 'O', 'O', 'S-Nh', 'O', 'O', 'O']","['陶谦', '曹嵩', '曹操']",['兖州'],[]
10000045_1,程砚秋与果素瑛生有三子一女，即程永光、程永源、程永江和程慧贞。,"['程砚秋', '与', '果素', '瑛生', '有', '三子', '一', '女', '，', '即', '程永光', '、', '程永源', '、', '程永江', '和', '程慧贞', '。']","['S-Nh', 'O', 'O', 'O', 'O', 'O', 'O', 'O', 'O', 'O', 'S-Nh', 'O', 'S-Nh', 'O', 'S-Nh', 'O', 'S-Nh', 'O']","['程砚秋', '程永光', '程永源', '程永江', '程慧贞']",[],[]
10000046_1,葛淑珍离开赵本山18年，走出自己的路。,"['葛淑珍', '离开', '赵', '本山', '18年', '，', '走', '出', '自己', '的', '路', '。']","['S-Nh', 'O', 'B-Nh', 'E-Nh', 'O', 'O', 'O', 'O', 'O', 'O', 'O', 'O']","['葛淑珍', '赵本山']",[],[]
10000047_1,以范瑞娟、傅全香、陆锦花、吴小楼为主要演员的上海越剧院一团，调赴北京。,"['以', '范瑞娟', '、', '傅全香', '、', '陆锦花', '、', '吴小楼', '为', '主要', '演员', '的', '上海', '越剧院', '一', '团', '，', '调', '赴', '北京', '。']","['O', 'S-Nh', 'O', 'S-Nh', 'O', 'O', 'O', 'S-Nh', 'O', 'O', 'O', 'O', 'S-Ns', 'O', 'O', 'O', 'O', 'O', 'O', 'S-Ns', 'O']","['范瑞娟', '傅全香', '吴小楼']","['上海', '北京']",[]
10000048_1,[208年]曹操南征荆州，刘表之子刘琮投降，刘备领军民十余万避难，于当阳遭遇曹军追兵，惨败。,"['[', '208年', ']', '曹操', '南征', '荆州', '，', '刘表', '之', '子', '刘琮', '投降', '，', '刘备领', '军民', '十', '余', '万', '避难', '，', '于', '当阳', '遭遇', '曹', '军', '追兵', '，', '惨败', '。']","['O', 'O', 'O', 'S-Nh', 'O', 'S-Ns', 'O', 'O', 'O', 'O', 'S-Nh', 'O', 'O', 'S-Nh', 'O', 'O', 'O', 'O', 'O', 'O', 'O', 'S-Ns', 'O', 'S-Nh', 'O', 'O', 'O', 'O', 'O']","['曹操', '刘琮', '刘备领', '曹']","['荆州', '当阳']",[]
10000049_1,，白灵与刘索拉相恋是否导致了瞿小松与瞿小松的离婚，目前尚不得而知。,"['，', '白灵', '与', '刘索拉', '相恋', '是否', '导致', '了', '瞿小松', '与', '瞿小松', '的', '离婚', '，', '目前', '尚', '不得而知', '。']","['O', 'S-Nh', 'O', 'S-Nh', 'O', 'O', 'O', 'O', 'O', 'O', 'S-Nh', 'O', 'O', 'O', 'O', 'O', 'O', 'O']","['白灵', '刘索拉', '瞿小松']",[],[]
10000050_1,两位弟弟：霍震霆与朱玲玲育有三子，大公子霍启刚、二公子霍启山、三公子霍启仁。,"['两', '位', '弟弟', '：', '霍震霆', '与', '朱玲玲', '育', '有', '三子', '，', '大', '公子', '霍', '启刚', '、', '二', '公子', '霍启山', '、', '三', '公子', '霍', '启仁', '。']","['O', 'O', 'O', 'O', 'S-Nh', 'O', 'S-Nh', 'O', 'O', 'O', 'O', 'O', 'O', 'O', 'O', 'O', 'O', 'O', 'S-Ns', 'O', 'O', 'O', 'O', 'O', 'O']","['霍震霆', '朱玲玲']",['霍启山'],[]
10000051_1,茹元俊弟茹富蕙，工丑，子茹富兰，亦工武生。,"['茹元', '俊弟茹', '富蕙', '，', '工丑', '，', '子茹富兰', '，', '亦', '工', '武生', '。']","['O', 'O', 'O', 'O', 'O', 'O', 'S-Nh', 'O', 'O', 'O', 'O', 'O']",['子茹富兰'],[],[]
10000052_1,[208年]曹操南征荆州，刘表之子刘琮投降，刘备领军民十余万避难，于当阳遭遇曹军追兵，惨败。,"['[', '208年', ']', '曹操', '南征', '荆州', '，', '刘表', '之', '子', '刘琮', '投降', '，', '刘备领', '军民', '十', '余', '万', '避难', '，', '于', '当阳', '遭遇', '曹', '军', '追兵', '，', '惨败', '。']","['O', 'O', 'O', 'S-Nh', 'O', 'S-Ns', 'O', 'O', 'O', 'O', 'S-Nh', 'O', 'O', 'S-Nh', 'O', 'O', 'O', 'O', 'O', 'O', 'O', 'S-Ns', 'O', 'S-Nh', 'O', 'O', 'O', 'O', 'O']","['曹操', '刘琮', '刘备领', '曹']","['荆州', '当阳']",[]
10000053_1,裘丽琳是周信芳一生的至爱，同时也是他的知己、经纪人以及全方位的助手。,"['裘丽琳', '是', '周信芳', '一生', '的', '至', '爱', '，', '同时', '也', '是', '他', '的', '知己', '、', '经纪人', '以及', '全方位', '的', '助手', '。']","['S-Nh', 'O', 'S-Nh', 'O', 'O', 'O', 'O', 'O', 'O', 'O', 'O', 'O', 'O', 'O', 'O', 'O', 'O', 'O', 'O', 'O', 'O']","['裘丽琳', '周信芳']",[],[]
10000054_1,在《大名府·一箭仇》一剧中，周信芳饰卢俊义，盖叫天饰史文恭，张翼鹏饰重要角色武松。,"['在', '《', '大名府·一箭仇', '》', '一', '剧', '中', '，', '周信芳', '饰', '卢俊义', '，', '盖', '叫', '天饰史', '文恭', '，', '张翼鹏', '饰', '重要', '角色', '武松', '。']","['O', 'O', 'O', 'O', 'O', 'O', 'O', 'O', 'S-Nh', 'O', 'S-Nh', 'O', 'O', 'O', 'O', 'O', 'O', 'S-Nh', 'O', 'O', 'O', 'S-Nh', 'O']","['周信芳', '卢俊义', '张翼鹏', '武松']",[],[]
10000055_1,10月3日在梁启超的证婚下，徐志摩与陆小曼在北京北海公园举行了婚礼。,"['10月', '3日', '在', '梁启超', '的', '证婚', '下', '，', '徐志摩', '与', '陆小曼', '在', '北京', '北海', '公园', '举行', '了', '婚礼', '。']","['O', 'O', 'O', 'S-Nh', 'O', 'O', 'O', 'O', 'S-Nh', 'O', 'S-Nh', 'O', 'B-Ns', 'I-Ns', 'E-Ns', 'O', 'O', 'O', 'O']","['梁启超', '徐志摩', '陆小曼']",['北京北海公园'],[]
10000056_1,-父母意见张慕童、袁咏仪的儿子张智霖也是媒体关注焦点。,"['-', '父母', '意见', '张慕童', '、', '袁咏仪', '的', '儿子', '张智霖', '也', '是', '媒体', '关注', '焦点', '。']","['O', 'O', 'O', 'S-Nh', 'O', 'S-Nh', 'O', 'O', 'S-Nh', 'O', 'O', 'O', 'O', 'O', 'O']","['张慕童', '袁咏仪', '张智霖']",[],[]
10000057_1,有关领导找段义和谈了一次话，让段处理好与柳海平的关系，不要影响工作和家庭。,"['有关', '领导', '找', '段义', '和谈', '了', '一', '次', '话', '，', '让', '段', '处理', '好', '与', '柳海平', '的', '关系', '，', '不要', '影响', '工作', '和', '家庭', '。']","['O', 'O', 'O', 'O', 'O', 'O', 'O', 'O', 'O', 'O', 'O', 'O', 'O', 'O', 'O', 'S-Nh', 'O', 'O', 'O', 'O', 'O', 'O', 'O', 'O', 'O']",['柳海平'],[],[]
10000058_1,当日的演出邀请桑派传人苗文华、赵贞玉、刘伯玲、郭英丽、常俊丽等名家演唱桑振君先生的经典曲目。,"['当日', '的', '演出', '邀请', '桑派', '传人', '苗文华', '、', '赵贞玉', '、', '刘伯玲', '、', '郭英丽', '、', '常俊丽', '等', '名家', '演唱', '桑振君', '先生', '的', '经典', '曲目', '。']","['O', 'O', 'O', 'O', 'O', 'O', 'S-Nh', 'O', 'S-Nh', 'O', 'S-Nh', 'O', 'S-Nh', 'O', 'S-Nh', 'O', 'O', 'O', 'S-Nh', 'O', 'O', 'O', 'O', 'O']","['苗文华', '赵贞玉', '刘伯玲', '郭英丽', '常俊丽', '桑振君']",[],[]
10000059_1,诉讼策略一览无遗，由体弱多病的吴淑珍扛下所有责任，第一是力保陈致中免于被关，其次才是陈水扁的自由身。,"['诉讼', '策略', '一览无遗', '，', '由', '体弱多病', '的', '吴淑珍', '扛', '下', '所有', '责任', '，', '第一', '是', '力保', '陈致', '中', '免', '于', '被', '关', '，', '其次', '才', '是', '陈水扁', '的', '自由身', '。']","['O', 'O', 'O', 'O', 'O', 'O', 'O', 'S-Nh', 'O', 'O', 'O', 'O', 'O', 'O', 'O', 'O', 'O', 'O', 'O', 'O', 'O', 'O', 'O', 'O', 'O', 'O', 'S-Nh', 'O', 'O', 'O']","['吴淑珍', '陈水扁']",[],[]
10000060_1,妲己为了博得纣王一笑，滥用重刑。,"['妲己', '为了', '博得', '纣王', '一', '笑', '，', '滥用', '重', '刑', '。']","['O', 'O', 'O', 'O', 'O', 'O', 'O', 'O', 'O', 'O', 'O']",[],[],[]
10000061_1,的爱情结晶——英如镝英达和梁欢是属于男主外，女主内的传统式家庭。,"['的', '爱情', '结晶', '——', '英', '如', '镝英达', '和', '梁欢', '是', '属于', '男主', '外', '，', '女主', '内', '的', '传统式', '家庭', '。']","['O', 'O', 'O', 'O', 'S-Ns', 'O', 'O', 'O', 'S-Nh', 'O', 'O', 'O', 'O', 'O', 'O', 'O', 'O', 'O', 'O', 'O']",['梁欢'],['英'],[]
10000062_1,冯云山获释，洪秀全返回广西，拜上帝会形成了以洪秀全、冯云山、杨秀清、萧朝贵、韦昌辉、石达开等6人组成的领导核心。,"['冯云山', '获释', '，', '洪秀全', '返回', '广西', '，', '拜', '上帝', '会', '形成', '了', '以', '洪秀全', '、', '冯云山', '、', '杨秀清', '、', '萧朝贵', '、', '韦昌辉', '、', '石达开', '等', '6', '人', '组成', '的', '领导', '核心', '。']","['S-Nh', 'O', 'O', 'S-Nh', 'O', 'S-Ns', 'O', 'O', 'O', 'O', 'O', 'O', 'O', 'S-Nh', 'O', 'S-Nh', 'O', 'S-Nh', 'O', 'S-Nh', 'O', 'S-Nh', 'O', 'S-Nh', 'O', 'O', 'O', 'O', 'O', 'O', 'O', 'O']","['冯云山', '洪秀全', '洪秀全', '冯云山', '杨秀清', '萧朝贵', '韦昌辉', '石达开']",['广西'],[]
10000063_1,以政坛佚事话说蒋家人物，80年来多皆集于蒋介石、宋美龄与蒋经国，而相比之下对蒋纬国却报道甚少。,"['以', '政坛', '佚事', '话', '说', '蒋家', '人物', '，', '80', '年', '来', '多', '皆', '集', '于', '蒋介石', '、', '宋美龄', '与', '蒋', '经国', '，', '而', '相比之下', '对', '蒋纬国', '却', '报道', '甚', '少', '。']","['O', 'O', 'O', 'O', 'O', 'O', 'O', 'O', 'O', 'O', 'O', 'O', 'O', 'O', 'O', 'S-Nh', 'O', 'S-Nh', 'O', 'O', 'O', 'O', 'O', 'O', 'O', 'S-Nh', 'O', 'O', 'O', 'O', 'O']","['蒋介石', '宋美龄', '蒋纬国']",[],[]
10000064_1,方美芳向齐秦提出分手。,"['方美芳', '向', '齐秦', '提出', '分手', '。']","['S-Nh', 'O', 'S-Nh', 'O', 'O', 'O']","['方美芳', '齐秦']",[],[]
10000065_1,-基本简介侯宝林，德云社相声演员，相声大师侯震之孙，拜师石富宽。,"['-', '基本', '简介', '侯宝林', '，', '德云社', '相声', '演员', '，', '相声', '大师', '侯震', '之', '孙', '，', '拜师', '石', '富', '宽', '。']","['O', 'O', 'O', 'S-Nh', 'O', 'O', 'O', 'O', 'O', 'O', 'O', 'S-Nh', 'O', 'O', 'O', 'O', 'O', 'O', 'O', 'O']","['侯宝林', '侯震']",[],[]
10000066_1,，中国古典小说《红楼梦》中的人物，即贾妃，贾政与王夫人所出，元春的姐姐，因生于正月初一所以名贾宝玉，后应选入宫，又加封贤德妃，大观园即为其省亲所造。,"['，', '中国', '古典', '小说', '《', '红楼梦', '》', '中', '的', '人物', '，', '即', '贾妃', '，', '贾政', '与', '王', '夫人', '所', '出', '，', '元', '春', '的', '姐姐', '，', '因', '生于', '正月初一', '所', '以', '名贾', '宝玉', '，', '后', '应', '选', '入宫', '，', '又', '加', '封贤', '德妃', '，', '大观园', '即', '为', '其', '省亲', '所', '造', '。']","['O', 'S-Ns', 'O', 'O', 'O', 'O', 'O', 'O', 'O', 'O', 'O', 'O', 'S-Nh', 'O', 'S-Nh', 'O', 'S-Nh', 'O', 'O', 'O', 'O', 'O', 'O', 'O', 'O', 'O', 'O', 'O', 'O', 'O', 'O', 'O', 'S-Nh', 'O', 'O', 'O', 'O', 'O', 'O', 'O', 'O', 'O', 'O', 'O', 'S-Ns', 'O', 'O', 'O', 'O', 'O', 'O', 'O']","['贾妃', '贾政', '王', '宝玉']","['中国', '大观园']",[]
10000067_1,赵云遣刘备为田楷拒袁绍，公孙瓒随之前往，为刘备主骑兵。,"['赵云遣', '刘备', '为', '田楷拒', '袁绍', '，', '公孙瓒', '随之', '前往', '，', '为', '刘备主', '骑兵', '。']","['B-Nh', 'E-Nh', 'O', 'O', 'O', 'O', 'O', 'O', 'O', 'O', 'O', 'S-Nh', 'O', 'O']","['赵云遣刘备', '刘备主']",[],[]
10000068_1,自雅典奥运会上李隼一人独得2块金牌之后，张怡宁和张怡宁又开始进入了紧张的备战北京奥运会的工作之中。,"['自', '雅典', '奥运会', '上', '李隼', '一', '人', '独', '得', '2', '块', '金牌', '之后', '，', '张怡宁', '和', '张怡宁', '又', '开始', '进入', '了', '紧张', '的', '备战', '北京', '奥运会', '的', '工作', '之中', '。']","['O', 'O', 'O', 'O', 'S-Nh', 'O', 'O', 'O', 'O', 'O', 'O', 'O', 'O', 'O', 'S-Nh', 'O', 'S-Nh', 'O', 'O', 'O', 'O', 'O', 'O', 'O', 'S-Ns', 'O', 'O', 'O', 'O', 'O']","['李隼', '张怡宁', '张怡宁']",['北京'],[]
10000069_1,劳动剧场举行艺术交流演出，剧目有《龙凤呈祥》、《春秋配》等，李蔷华、童芷苓、言少朋、俞振飞、张文涓、张学津、王正屏、李松年等参加演出。,"['劳动', '剧场', '举行', '艺术', '交流', '演出', '，', '剧目', '有', '《', '龙凤呈祥', '》', '、', '《', '春秋', '配', '》', '等', '，', '李蔷华', '、', '童芷苓', '、', '言少朋', '、', '俞振飞', '、', '张文涓', '、', '张学津', '、', '王正屏', '、', '李松年', '等', '参加', '演出', '。']","['O', 'O', 'O', 'O', 'O', 'O', 'O', 'O', 'O', 'O', 'O', 'O', 'O', 'O', 'O', 'O', 'O', 'O', 'O', 'S-Nh', 'O', 'O', 'O', 'O', 'O', 'S-Nh', 'O', 'S-Nh', 'O', 'S-Nh', 'O', 'S-Nh', 'O', 'S-Nh', 'O', 'O', 'O', 'O']","['李蔷华', '俞振飞', '张文涓', '张学津', '王正屏', '李松年']",[],[]
10000070_1,相夫教子的贤妻1980年，山口百惠与三浦友和结束4年浪漫的恋爱路程走进了婚礼教堂。,"['相', '夫', '教', '子', '的', '贤妻', '1980年', '，', '山口', '百惠', '与', '三浦友', '和', '结束', '4', '年', '浪漫', '的', '恋爱', '路程', '走', '进', '了', '婚礼', '教堂', '。']","['O', 'O', 'O', 'O', 'O', 'O', 'O', 'O', 'O', 'O', 'O', 'O', 'O', 'O', 'O', 'O', 'O', 'O', 'O', 'O', 'O', 'O', 'O', 'O', 'O', 'O']",[],[],[]
10000071_1,和最佳拍档韦家辉1996年，杜琪峰和韦家辉、游乃海等人合组了银河映像电影公司。,"['和', '最佳', '拍档', '韦家辉', '1996年', '，', '杜琪峰', '和', '韦家辉', '、', '游乃海', '等', '人', '合组', '了', '银河映', '像', '电影', '公司', '。']","['O', 'O', 'O', 'S-Nh', 'O', 'O', 'S-Nh', 'O', 'S-Nh', 'O', 'O', 'O', 'O', 'O', 'O', 'S-Nh', 'O', 'O', 'O', 'O']","['韦家辉', '杜琪峰', '韦家辉', '银河映']",[],[]
10000072_1,”郭睿玥先后师从舒昌玉、许美玲、李丽芳、张正芳、沈小梅、刘秀荣、马小曼、张洵澎。,"['”', '郭睿玥', '先后', '师从', '舒昌玉', '、', '许美玲', '、', '李丽芳', '、', '张正芳', '、', '沈小梅', '、', '刘秀荣', '、', '马小曼', '、', '张洵澎', '。']","['O', 'S-Nh', 'O', 'O', 'S-Nh', 'O', 'S-Nh', 'O', 'S-Nh', 'O', 'S-Nh', 'O', 'S-Nh', 'O', 'S-Nh', 'O', 'S-Nh', 'O', 'S-Nh', 'O']","['郭睿玥', '舒昌玉', '许美玲', '李丽芳', '张正芳', '沈小梅', '刘秀荣', '马小曼', '张洵澎']",[],[]
10000073_1,1922年，林育南经林育英、恽代英介绍，加入了中国共产党，参加了香港海员大罢工。,"['1922年', '，', '林育', '南经林', '育英', '、', '恽代英', '介绍', '，', '加入', '了', '中国', '共产党', '，', '参加', '了', '香港', '海员', '大', '罢工', '。']","['O', 'O', 'O', 'S-Ns', 'O', 'O', 'O', 'O', 'O', 'O', 'O', 'B-Ni', 'E-Ni', 'O', 'O', 'O', 'S-Ns', 'O', 'O', 'O', 'O']",[],"['南经林', '香港']",['中国共产党']
10000074_1,2007年开始拍拖，许志安比余德琳年长14岁，二人虽然与虽然拍拖年多，却甚少一起公开露面。,"['2007年', '开始', '拍拖', '，', '许志安', '比', '余德琳', '年长', '14', '岁', '，', '二', '人', '虽然', '与', '虽然', '拍', '拖', '年', '多', '，', '却', '甚', '少', '一', '起', '公开', '露面', '。']","['O', 'O', 'O', 'O', 'S-Nh', 'O', 'S-Nh', 'O', 'O', 'O', 'O', 'O', 'O', 'O', 'O', 'O', 'O', 'O', 'O', 'O', 'O', 'O', 'O', 'O', 'O', 'O', 'O', 'O', 'O']","['许志安', '余德琳']",[],[]
10000075_1,-简介刘芸与郑钧刘芸，1982年出生于湖南。,"['-', '简介', '刘芸', '与', '郑钧', '刘芸', '，', '1982年', '出生', '于', '湖南', '。']","['O', 'O', 'S-Nh', 'O', 'O', 'O', 'O', 'O', 'O', 'O', 'S-Ns', 'O']",['刘芸'],['湖南'],[]
10000076_1,王佩英1934年王佩英与张以成结婚。,"['王佩英', '1934年', '王佩英', '与', '张以成', '结婚', '。']","['S-Nh', 'O', 'S-Nh', 'O', 'S-Nh', 'O', 'O']","['王佩英', '王佩英', '张以成']",[],[]
10000077_1,1952年48岁，林徽因、刘开渠主持设计人民英雄纪念碑，梁思成被任命为人民英雄纪念碑建筑委员会委员，抱病参加设计工作。,"['1952年', '48', '岁', '，', '林徽因', '、', '刘开渠', '主持', '设计', '人民', '英雄', '纪念碑', '，', '梁', '思成', '被', '任命', '为', '人民', '英雄', '纪念碑', '建筑', '委员会', '委员', '，', '抱病', '参加', '设计', '工作', '。']","['O', 'O', 'O', 'O', 'S-Nh', 'O', 'S-Nh', 'O', 'O', 'O', 'O', 'O', 'O', 'S-Nh', 'O', 'O', 'O', 'O', 'B-Ni', 'I-Ni', 'I-Ni', 'I-Ni', 'E-Ni', 'O', 'O', 'O', 'O', 'O', 'O', 'O']","['林徽因', '刘开渠', '梁']",[],['人民英雄纪念碑建筑委员会']
10000078_1,唐太宗-经历李治与唐高宗嫡长子太子李承乾、嫡次子魏王李泰为长孙皇后所生同母兄弟。,"['唐太宗', '-', '经历', '李治', '与', '唐高宗', '嫡', '长子', '太子', '李承乾', '、', '嫡次子', '魏王', '李泰', '为', '长孙', '皇后', '所', '生', '同', '母', '兄弟', '。']","['S-Nh', 'O', 'O', 'S-Nh', 'O', 'S-Nh', 'O', 'O', 'O', 'S-Nh', 'O', 'O', 'B-Nh', 'E-Nh', 'O', 'S-Nh', 'O', 'O', 'O', 'O', 'O', 'O', 'O']","['唐太宗', '李治', '唐高宗', '李承乾', '魏王李泰', '长孙']",[],[]
10000079_1,”鲁国人孔融向来有高才而性格倨傲，他的年纪约在陈群、陈纪两父子之间，因此先与陈纪为友，后又与陈群结交，陈群由是显名。,"['”', '鲁', '国人', '孔融', '向来', '有', '高', '才', '而', '性格', '倨傲', '，', '他', '的', '年纪', '约', '在', '陈群', '、', '陈纪', '两', '父子', '之间', '，', '因此', '先', '与', '陈纪', '为', '友', '，', '后', '又', '与', '陈群', '结交', '，', '陈群', '由', '是', '显名', '。']","['O', 'O', 'O', 'S-Nh', 'O', 'O', 'O', 'O', 'O', 'O', 'O', 'O', 'O', 'O', 'O', 'O', 'O', 'S-Nh', 'O', 'S-Nh', 'O', 'O', 'O', 'O', 'O', 'O', 'O', 'S-Nh', 'O', 'O', 'O', 'O', 'O', 'O', 'S-Nh', 'O', 'O', 'S-Nh', 'O', 'O', 'O', 'O']","['孔融', '陈群', '陈纪', '陈纪', '陈群', '陈群']",[],[]
10000080_1,为师韩冬柏在上海拜梅葆玖为师。,"['为', '师', '韩冬柏', '在', '上海', '拜梅', '葆', '玖', '为', '师', '。']","['O', 'O', 'S-Nh', 'O', 'S-Ns', 'O', 'O', 'O', 'O', 'O', 'O']",['韩冬柏'],['上海'],[]
10000081_1,6，刘嘉玲刘嘉玲真是富豪的最爱啊，从许晋亨、罗兆辉、郭台铭、到刘銮雄，他们身边总会冒出刘嘉玲灿烂的笑容。,"['6', '，', '刘嘉玲', '刘嘉玲', '真是', '富豪', '的', '最', '爱', '啊', '，', '从', '许晋亨', '、', '罗兆辉', '、', '郭台铭', '、', '到', '刘銮雄', '，', '他们', '身边', '总', '会', '冒', '出', '刘嘉玲', '灿烂', '的', '笑容', '。']","['O', 'O', 'O', 'O', 'O', 'O', 'O', 'O', 'O', 'O', 'O', 'O', 'S-Nh', 'O', 'S-Nh', 'O', 'S-Nh', 'O', 'O', 'S-Nh', 'O', 'O', 'O', 'O', 'O', 'O', 'O', 'S-Nh', 'O', 'O', 'O', 'O']","['许晋亨', '罗兆辉', '郭台铭', '刘銮雄', '刘嘉玲']",[],[]
10000082_1,而戴笠为了霸占胡蝶，特地送给潘有声一张特别通行证，让他在滇缅公路上运输货物，通行无阻。,"['而', '戴笠', '为了', '霸占', '胡蝶', '，', '特地', '送给', '潘有声', '一', '张', '特别', '通行证', '，', '让', '他', '在', '滇', '缅', '公路', '上', '运输', '货物', '，', '通行无阻', '。']","['O', 'S-Nh', 'O', 'O', 'O', 'O', 'O', 'O', 'S-Nh', 'O', 'O', 'O', 'O', 'O', 'O', 'O', 'O', 'O', 'O', 'O', 'O', 'O', 'O', 'O', 'O', 'O']","['戴笠', '潘有声']",[],[]
10000083_1,和章含之1957年，洪君彦与毛泽东的英文教师章含之结婚，并育有女儿一名，名叫洪晃。,"['和', '章含', '之', '1957年', '，', '洪君彦', '与', '毛泽东', '的', '英文', '教师', '章含', '之', '结婚', '，', '并', '育', '有', '女儿', '一', '名', '，', '名叫', '洪晃', '。']","['O', 'S-Nh', 'O', 'O', 'O', 'S-Nh', 'O', 'S-Nh', 'O', 'O', 'O', 'O', 'O', 'O', 'O', 'O', 'O', 'O', 'O', 'O', 'O', 'O', 'O', 'S-Nh', 'O']","['章含', '洪君彦', '毛泽东', '洪晃']",[],[]
10000084_1,之后这个男孩就总去找她，这一次，张允和的浪头冲破了周有光的石堤。,"['之后', '这个', '男孩', '就', '总', '去', '找', '她', '，', '这', '一', '次', '，', '张允和', '的', '浪头', '冲破', '了', '周有光', '的', '石堤', '。']","['O', 'O', 'O', 'O', 'O', 'O', 'O', 'O', 'O', 'O', 'O', 'O', 'O', 'S-Nh', 'O', 'O', 'O', 'O', 'S-Nh', 'O', 'O', 'O']","['张允和', '周有光']",[],[]
10000085_1,余彩琴、张桂莲、陆锦花、徐天红、戚雅仙、吴小楼的《明末遗恨》。,"['余彩琴', '、', '张桂莲', '、', '陆锦花', '、', '徐天红', '、', '戚雅仙', '、', '吴小楼', '的', '《', '明末', '遗恨', '》', '。']","['S-Nh', 'O', 'S-Nh', 'O', 'O', 'O', 'S-Nh', 'O', 'S-Nh', 'O', 'S-Nh', 'O', 'O', 'O', 'O', 'O', 'O']","['余彩琴', '张桂莲', '徐天红', '戚雅仙', '吴小楼']",[],[]
10000086_1,-简介霍震寰，霍启文长子，霍英东的孙子。,"['-', '简介', '霍震寰', '，', '霍', '启文', '长子', '，', '霍英东', '的', '孙子', '。']","['O', 'O', 'S-Nh', 'O', 'S-Nh', 'O', 'O', 'O', 'S-Nh', 'O', 'O', 'O']","['霍震寰', '霍', '霍英东']",[],[]
10000087_1,郭彦均在演艺圈有多位干子女，像是蓝心湄、郭彦甫、gigi、黄小柔、阿Ben、张本渝。,"['郭彦', '均', '在', '演艺圈', '有', '多', '位', '干', '子女', '，', '像', '是', '蓝心湄', '、', '郭彦甫', '、', 'gigi', '、', '黄小柔', '、', '阿', 'Ben', '、', '张本渝', '。']","['S-Nh', 'O', 'O', 'O', 'O', 'O', 'O', 'O', 'O', 'O', 'O', 'O', 'O', 'O', 'S-Nh', 'O', 'O', 'O', 'S-Nh', 'O', 'B-Nh', 'E-Nh', 'O', 'S-Nh', 'O']","['郭彦', '郭彦甫', '黄小柔', '阿Ben', '张本渝']",[],[]
10000088_1,虽然很少露面，名气不及华少，但对华少来说，老婆秦利鸽是他的支柱，是华少坚强的后盾。,"['虽然', '很', '少', '露面', '，', '名气', '不及华', '少', '，', '但', '对', '华', '少', '来说', '，', '老婆', '秦利鸽', '是', '他', '的', '支柱', '，', '是', '华少', '坚强', '的', '后盾', '。']","['O', 'O', 'O', 'O', 'O', 'O', 'O', 'O', 'O', 'O', 'O', 'O', 'O', 'O', 'O', 'O', 'S-Nh', 'O', 'O', 'O', 'O', 'O', 'O', 'O', 'O', 'O', 'O', 'O']",['秦利鸽'],[],[]
10000089_1,话说回来，武修文、武敦儒虽然不是什么大英雄，但无愧于对国家对人民有用之材的称号。,"['话说', '回来', '，', '武修文', '、', '武敦儒', '虽然', '不', '是', '什么', '大', '英雄', '，', '但', '无愧于', '对', '国家', '对', '人民', '有用', '之', '材', '的', '称号', '。']","['O', 'O', 'O', 'S-Nh', 'O', 'O', 'O', 'O', 'O', 'O', 'O', 'O', 'O', 'O', 'O', 'O', 'O', 'O', 'O', 'O', 'O', 'O', 'O', 'O', 'O']",['武修文'],[],[]
10000090_1,南王冯云山和西王萧朝贵牺牲后，石达开与韦昌辉成为洪秀全、杨秀清的主要助手。,"['南王', '冯云山', '和', '西王', '萧朝', '贵', '牺牲', '后', '，', '石达开', '与', '韦昌辉', '成为', '洪秀全', '、', '杨秀清', '的', '主要', '助手', '。']","['B-Ns', 'E-Ns', 'O', 'O', 'S-Nh', 'O', 'O', 'O', 'O', 'S-Nh', 'O', 'S-Nh', 'O', 'S-Nh', 'O', 'S-Nh', 'O', 'O', 'O', 'O']","['萧朝', '石达开', '韦昌辉', '洪秀全', '杨秀清']",['南王冯云山'],[]
10000091_1,常宝霆-生平常宝堃和常宝堃常宝堃4岁开始随父“撂地”卖艺，表演戏法的“说口”。,"['常', '宝霆', '-', '生平', '常', '宝堃', '和', '常宝', '堃常', '宝堃', '4', '岁', '开始', '随', '父', '“', '撂地', '”', '卖艺', '，', '表演', '戏法', '的', '“', '说口', '”', '。']","['O', 'O', 'O', 'O', 'O', 'O', 'O', 'S-Nh', 'O', 'O', 'O', 'O', 'O', 'O', 'O', 'O', 'O', 'O', 'O', 'O', 'O', 'O', 'O', 'O', 'O', 'O', 'O']",['常宝'],[],[]
10000092_1,黄旭-品行黄旭女友范雯善良孝子“黄旭小时候很善良，很有爱心。,"['黄旭', '-', '品行', '黄旭', '女友', '范雯', '善良', '孝子', '“', '黄旭', '小时候', '很', '善良', '，', '很', '有', '爱心', '。']","['S-Nh', 'O', 'O', 'S-Nh', 'O', 'S-Nh', 'O', 'O', 'O', 'S-Nh', 'O', 'O', 'O', 'O', 'O', 'O', 'O', 'O']","['黄旭', '黄旭', '范雯', '黄旭']",[],[]
10000093_1,1984年，在拍摄《青梅竹马》时蔡琴结识了民歌歌手杨德昌，当时影片的男主角是侯孝贤，而女主角正是蔡琴。,"['1984年', '，', '在', '拍摄', '《', '青梅竹马', '》', '时', '蔡琴', '结识', '了', '民歌', '歌手', '杨德昌', '，', '当时', '影片', '的', '男', '主角', '是', '侯孝贤', '，', '而', '女', '主角', '正是', '蔡琴', '。']","['O', 'O', 'O', 'O', 'O', 'O', 'O', 'O', 'S-Nh', 'O', 'O', 'O', 'O', 'S-Nh', 'O', 'O', 'O', 'O', 'O', 'O', 'O', 'S-Nh', 'O', 'O', 'O', 'O', 'O', 'S-Nh', 'O']","['蔡琴', '杨德昌', '侯孝贤', '蔡琴']",[],[]
10000094_1,[2]美国著名媒体《人物》杂志全球票选评为亚洲四小天王（，吴尊，赵晨浩，郑允浩，韩庚）之一。,"['[', '2', ']', '美国', '著名', '媒体', '《', '人物', '》', '杂志', '全球', '票选', '评为', '亚洲', '四', '小', '天王', '（', '，', '吴尊', '，', '赵晨浩', '，', '郑允浩', '，', '韩', '庚', '）', '之一', '。']","['O', 'O', 'O', 'S-Ns', 'O', 'O', 'O', 'O', 'O', 'O', 'O', 'O', 'O', 'S-Ns', 'O', 'O', 'O', 'O', 'O', 'S-Nh', 'O', 'S-Nh', 'O', 'S-Nh', 'O', 'S-Nh', 'O', 'O', 'O', 'O']","['吴尊', '赵晨浩', '郑允浩', '韩']","['美国', '亚洲']",[]
10000095_1,在丽都大戏院上演了历史剧《屈原》，由冯允庄编剧，司徒阳导演，尹桂芳、徐天红、许金彩、戴忠桂、尹小芳等主演。,"['在', '丽都', '大戏院', '上演', '了', '历史剧', '《', '屈原', '》', '，', '由', '冯允庄', '编剧', '，', '司徒阳', '导演', '，', '尹桂芳', '、', '徐天红', '、', '许金彩', '、', '戴忠桂', '、', '尹小芳', '等', '主演', '。']","['O', 'S-Ns', 'O', 'O', 'O', 'O', 'O', 'S-Nh', 'O', 'O', 'O', 'S-Nh', 'O', 'O', 'S-Nh', 'O', 'O', 'S-Nh', 'O', 'S-Nh', 'O', 'S-Nh', 'O', 'S-Nh', 'O', 'S-Nh', 'O', 'O', 'O']","['屈原', '冯允庄', '司徒阳', '尹桂芳', '徐天红', '许金彩', '戴忠桂', '尹小芳']",['丽都'],[]
10000096_1,这七代是：谭志道——谭鑫培——谭富英——谭小培——谭元寿——谭孝曾——谭正岩。,"['这', '七', '代', '是', '：', '谭志道', '——', '谭鑫培', '——', '谭富英', '——', '谭小培', '——', '谭元寿', '——', '谭孝曾', '——', '谭正岩', '。']","['O', 'O', 'O', 'O', 'O', 'S-Nh', 'O', 'S-Nh', 'O', 'S-Nh', 'O', 'S-Nh', 'O', 'S-Nh', 'O', 'S-Nh', 'O', 'S-Nh', 'O']","['谭志道', '谭鑫培', '谭富英', '谭小培', '谭元寿', '谭孝曾', '谭正岩']",[],[]
10000097_1,有一天，韩信很友好地招待刘邦，并和他讨论各将领的能力。,"['有', '一', '天', '，', '韩信', '很', '友好', '地', '招待', '刘邦', '，', '并', '和', '他', '讨论', '各', '将领', '的', '能力', '。']","['O', 'O', 'O', 'O', 'S-Nh', 'O', 'O', 'O', 'O', 'S-Nh', 'O', 'O', 'O', 'O', 'O', 'O', 'O', 'O', 'O', 'O']","['韩信', '刘邦']",[],[]
10000098_1,这七代是：谭富英——谭鑫培——谭小培——谭志道——谭元寿——谭孝曾——谭正岩。,"['这', '七', '代', '是', '：', '谭富英', '——', '谭鑫培', '——', '谭小培', '——', '谭志道', '——', '谭元寿', '——', '谭孝曾', '——', '谭正岩', '。']","['O', 'O', 'O', 'O', 'O', 'S-Nh', 'O', 'S-Nh', 'O', 'S-Nh', 'O', 'S-Nh', 'O', 'S-Nh', 'O', 'S-Nh', 'O', 'S-Nh', 'O']","['谭富英', '谭鑫培', '谭小培', '谭志道', '谭元寿', '谭孝曾', '谭正岩']",[],[]
10000099_1,二是陈寿是褒扬曹操和袁术这一边，而袁绍当时与袁绍、曹操敌对。,"['二', '是', '陈寿', '是', '褒扬', '曹操', '和', '袁术', '这', '一边', '，', '而', '袁绍', '当时', '与', '袁绍', '、', '曹操', '敌对', '。']","['O', 'O', 'S-Nh', 'O', 'O', 'S-Nh', 'O', 'O', 'O', 'O', 'O', 'O', 'S-Nh', 'O', 'O', 'S-Nh', 'O', 'S-Nh', 'O', 'O']","['陈寿', '曹操', '袁绍', '袁绍', '曹操']",[],[]
10000100_1,场的神秘嘉宾既不是著名主持人，也不是当红歌星，而是20年来与康粹兰相濡以沫一路走来的美国太太周华健。,"['场', '的', '神秘', '嘉宾', '既', '不', '是', '著名', '主持人', '，', '也', '不', '是', '当', '红', '歌星', '，', '而是', '20', '年', '来', '与', '康粹兰', '相濡以沫', '一路', '走', '来', '的', '美国', '太太', '周华健', '。']","['O', 'O', 'O', 'O', 'O', 'O', 'O', 'O', 'O', 'O', 'O', 'O', 'O', 'O', 'O', 'O', 'O', 'O', 'O', 'O', 'O', 'O', 'S-Nh', 'O', 'O', 'O', 'O', 'O', 'S-Ns', 'O', 'S-Nh', 'O']","['康粹兰', '周华健']",['美国'],[]
